Business,Rental Size,Staff,Equipment,Budget,Business_Type,Industry,Description
Coffee Shop,959-1566 sqft,6-14 people,"Ovens, Display Racks",₹9-11 Lakhs,,,
Salon,1246-1715 sqft,3-15 people,"Soldering Stations, Diagnostic Tools",₹9-15 Lakhs,,,
Gym,798-1922 sqft,7-20 people,"Bookshelves, Reading Tables",₹7-20 Lakhs,,,
Bakery,576-1953 sqft,8-15 people,"Coffee Machines, Furniture",₹9-11 Lakhs,,,
Bookstore,454-1960 sqft,2-19 people,"Ovens, Display Racks",₹7-18 Lakhs,,,
Pet Grooming,1420-1833 sqft,8-15 people,"Gym Machines, Mats",₹9-14 Lakhs,,,
Cloud Kitchen,492-2059 sqft,6-13 people,"Chairs, Mirrors, Hair Tools",₹4-19 Lakhs,,,
Boutique,410-2818 sqft,2-12 people,"Soldering Stations, Diagnostic Tools",₹8-13 Lakhs,,,
Electronics Repair,786-2873 sqft,10-12 people,"Bookshelves, Reading Tables",₹6-16 Lakhs,,,
Dance Studio,443-2208 sqft,5-17 people,"Coffee Machines, Furniture",₹6-15 Lakhs,,,
,,,,,Restaurant Top,Retail,Member light single inside wrong.
,,,,,Salon Ready,Hospitality,Church color parent because information.
,,,,,Cafe Behind,Retail,Issue seem girl maintain more.
,,,,,Gym Guess,Hospitality,Nature arrive war gas decade.
,,,,,Florist Others,Retail,Else wonder music you knowledge report country.
,,,,,Cafe Receive,Food,Change thousand style care gun.
,,,,,Restaurant Produce,Food,Especially number husband no.
,,,,,Restaurant Member,Fitness,Officer same activity be.
,,,,,Bookstore Degree,Beauty,Tell education rich answer shoulder full explain.
,,,,,Clothing Store Whether,Fitness,Hundred process help popular significant knowledge.
,,,,,Cafe These,Fitness,Expect according force way.
,,,,,Cafe According,Retail,Environmental seven figure live word plant.
,,,,,Gym Second,Hospitality,Who put now expect team.
,,,,,Bookstore Court,Beauty,Clear girl available would most.
,,,,,Florist Middle,Retail,Some show book view fast girl reason.
,,,,,Florist Financial,Hospitality,Create success first born stop say something into.
,,,,,Restaurant Process,Hospitality,Care serve take present.
,,,,,Clothing Store Story,Hospitality,Have think so change those.
,,,,,Bakery Rich,Food,Enter these effect note if source.
,,,,,Salon Majority,Beauty,Throw class test society would until simply.
,,,,,Gym Court,Retail,Bill exactly late organization finish discover.
,,,,,Bakery Difficult,Retail,Easy know war.
,,,,,Bookstore Occur,Hospitality,Away now five take.
,,,,,Cafe Third,Hospitality,Dark week official myself.
,,,,,Salon Old,Beauty,Perform read difficult.
,,,,,Bookstore Space,Retail,Song manage smile final on black TV.
,,,,,Bookstore Relate,Fitness,Letter listen game offer expect final.
,,,,,Cafe Practice,Food,Receive could both service despite serve.
,,,,,Gym Treat,Food,From fine including television scene during show.
,,,,,Bakery Benefit,Fitness,Step page his party.
,,,,,Clothing Store Prevent,Retail,As prepare measure similar official.
,,,,,Salon Single,Retail,Room hot charge prepare case main success.
,,,,,Gym Choice,Retail,About various success.
,,,,,Bookstore Determine,Hospitality,Whole newspaper movement common throw scene.
,,,,,Clothing Store Serious,Food,Trip occur body.
,,,,,Restaurant Save,Food,Need church become consumer.
,,,,,Salon Between,Fitness,Always best art word save boy woman.
,,,,,Cafe Sense,Hospitality,Identify land necessary blue art.
,,,,,Cafe Sense,Food,Sport interview fly first push nation director.
,,,,,Gym Look,Retail,Throughout owner ten industry record analysis strong.
,,,,,Bakery Discuss,Hospitality,Ball follow open fear before.
,,,,,Cafe Wonder,Hospitality,Give control choice his idea lay watch.
,,,,,Clothing Store Drug,Fitness,Within report recent word player least word.
,,,,,Restaurant Strategy,Retail,Close structure seek suffer seven.
,,,,,Salon Opportunity,Retail,Name state single person rather environmental.
,,,,,Bookstore Choice,Beauty,Beyond space cost bar fast environment our land.
,,,,,Clothing Store Clear,Retail,Recently maintain third process.
,,,,,Florist Others,Beauty,Few take unit laugh away.
,,,,,Bookstore Skin,Retail,Tell one growth city.
,,,,,Clothing Store Practice,Food,Term city camera national garden.
,,,,,Restaurant Standard,Beauty,Memory give indeed tree country support recognize western.
,,,,,Bakery It,Beauty,Prove ten executive floor.
,,,,,Bookstore However,Beauty,Culture improve now central per.
,,,,,Salon Stay,Hospitality,Idea can author week.
,,,,,Salon Keep,Fitness,Plan town dog kitchen.
,,,,,Salon Sign,Beauty,American song avoid oil power part international.
,,,,,Clothing Store Home,Fitness,People receive audience realize simple Mrs.
,,,,,Restaurant Public,Food,Radio prepare stock rule ground indeed direction.
,,,,,Clothing Store Member,Beauty,Down ability like key forget TV sure process.
,,,,,Bookstore Personal,Beauty,Design process alone play alone though power.
,,,,,Salon Lawyer,Hospitality,Partner effect no scientist friend speech much tell.
,,,,,Restaurant Know,Fitness,Send another news own foot.
,,,,,Cafe Better,Retail,Popular their heart drop under.
,,,,,Restaurant Out,Fitness,Consumer argue blue learn else why how memory.
,,,,,Restaurant Area,Fitness,Training car memory chair let ok.
,,,,,Restaurant Reveal,Hospitality,Federal bill employee economic employee.
,,,,,Bookstore Month,Hospitality,Building concern just woman city its various.
,,,,,Bookstore Order,Beauty,Growth technology movie though.
,,,,,Bookstore Mrs,Fitness,These human within interview agreement nor almost.
,,,,,Gym Value,Retail,When meeting operation ok player single skin where.
,,,,,Gym Sing,Retail,Admit ever everyone happen argue technology.
,,,,,Restaurant Friend,Fitness,Science similar book eight.
,,,,,Florist Economic,Hospitality,Letter case such born together.
,,,,,Bookstore Detail,Hospitality,Artist evening white painting professor.
,,,,,Bookstore Television,Food,Mr dark term move activity state.
,,,,,Clothing Store Early,Hospitality,Bed sure approach team process gun within make.
,,,,,Salon Mean,Fitness,When much eight.
,,,,,Bookstore Very,Retail,Minute name tend act social push billion finish.
,,,,,Restaurant Other,Hospitality,Car likely key outside interest.
,,,,,Cafe Her,Hospitality,Already series article quickly after establish.
,,,,,Clothing Store Likely,Food,Sure about by.
,,,,,Salon Chance,Fitness,Wall wall hotel especially.
,,,,,Cafe Around,Hospitality,Usually success cost attorney any friend.
,,,,,Bakery Campaign,Retail,Ask value hit debate receive people young.
,,,,,Cafe Exist,Retail,Social last yeah system.
,,,,,Florist Middle,Retail,Phone already several democratic front plant.
,,,,,Florist Garden,Beauty,Short entire special final chair material company eye.
,,,,,Gym Commercial,Hospitality,Mouth politics unit want evidence.
,,,,,Bookstore Parent,Beauty,Weight girl home recognize prove.
,,,,,Gym Marriage,Fitness,Plant report keep.
,,,,,Bakery Newspaper,Food,Main case author can pass suggest each.
,,,,,Bookstore Page,Fitness,Strong woman born.
,,,,,Gym Game,Retail,Among reflect pull chair pass.
,,,,,Florist Painting,Fitness,Next manager act start.
,,,,,Cafe Organization,Retail,Answer painting coach.
,,,,,Salon Important,Fitness,Discover perform serve probably.
,,,,,Florist Focus,Fitness,Soldier past name play management end teach.
,,,,,Bookstore Outside,Hospitality,Send set year view.
,,,,,Florist Beautiful,Retail,Democrat career since together.
,,,,,Bakery Cut,Hospitality,Require tonight yeah community camera cell.
,,,,,Bakery Why,Fitness,Several rule chair performance activity.
,,,,,Bookstore Player,Beauty,Learn course century leave any bit.
,,,,,Cafe Environmental,Fitness,Indicate concern poor less politics.
,,,,,Restaurant Myself,Beauty,Nearly guess note wonder item total hard.
,,,,,Bakery Simply,Food,List beautiful technology treat.
,,,,,Gym Woman,Retail,Cultural stay also type church tax.
,,,,,Bookstore Capital,Fitness,Deal door break especially job.
,,,,,Clothing Store Thing,Retail,Threat memory because speech present once.
,,,,,Bakery Always,Hospitality,Surface happy new.
,,,,,Clothing Store Development,Hospitality,Style eight worker thank candidate college.
,,,,,Salon Wide,Food,Yes to give apply surface responsibility.
,,,,,Bookstore Then,Beauty,Consumer truth money them very create.
,,,,,Salon Police,Beauty,His president seem kitchen product.
,,,,,Restaurant Fight,Fitness,Rule character population very care member national grow.
,,,,,Cafe System,Retail,Per about begin become draw by.
,,,,,Salon Kid,Fitness,Reason quality serious yard turn.
,,,,,Bookstore Manage,Beauty,Traditional life source draw back.
,,,,,Gym Actually,Fitness,Hour pay local.
,,,,,Salon Before,Beauty,Start leg bank.
,,,,,Salon Score,Retail,Strategy expect scientist between become computer almost.
,,,,,Clothing Store Perhaps,Fitness,Grow step ground theory.
,,,,,Salon Heart,Beauty,Police would exist gun first choice on.
,,,,,Cafe Short,Hospitality,Turn top here natural industry.
,,,,,Salon Vote,Beauty,Less year true onto mouth player listen set.
,,,,,Bakery Clearly,Food,In up exactly teacher around.
,,,,,Restaurant Spring,Hospitality,Price tough stand into worker newspaper.
,,,,,Cafe Stock,Hospitality,Certainly hour build board new day.
,,,,,Restaurant Image,Retail,Support white ability nothing approach why whom.
,,,,,Bookstore Soon,Hospitality,Reflect wide mother candidate edge.
,,,,,Salon Decade,Retail,Stand account service because store kitchen human deal.
,,,,,Bakery Similar,Retail,People amount sure almost authority already painting.
,,,,,Bakery Where,Food,When write one.
,,,,,Salon Collection,Food,Decade wear then stuff book.
,,,,,Restaurant Special,Hospitality,Theory less can key grow through modern.
,,,,,Gym Senior,Retail,Produce can sport center industry baby.
,,,,,Gym Wear,Retail,Water responsibility letter claim picture economy.
,,,,,Cafe Couple,Beauty,Central learn respond later take court stay drug.
,,,,,Clothing Store Account,Fitness,Significant rule parent treatment.
,,,,,Restaurant Magazine,Hospitality,Story accept level why father teacher market.
,,,,,Restaurant Outside,Fitness,Two fight tree front beyond military while.
,,,,,Bookstore Blue,Food,Attention remember can let mouth.
,,,,,Florist Several,Retail,Southern skin top third.
,,,,,Salon Responsibility,Food,Find card the series cold like happy pressure.
,,,,,Gym Assume,Retail,Whom assume large place.
,,,,,Clothing Store Number,Beauty,Cut before work often toward family.
,,,,,Salon Something,Beauty,Whole whom laugh go carry girl lay.
,,,,,Clothing Store Not,Hospitality,Shoulder why property.
,,,,,Bookstore Increase,Fitness,Three over travel building sense rule memory expect.
,,,,,Florist Business,Fitness,Every third travel current ok road knowledge.
,,,,,Bookstore Blood,Retail,Culture occur both know.
,,,,,Gym Plan,Retail,Civil leader such person compare key food.
,,,,,Salon Public,Retail,Analysis put create test listen answer.
,,,,,Restaurant Through,Food,Line strong school remember them.
,,,,,Florist Focus,Fitness,Just soon news history writer.
,,,,,Florist Service,Retail,Instead enter weight usually.
,,,,,Clothing Store Late,Beauty,Actually resource real three budget wait break.
,,,,,Bakery Would,Hospitality,Assume himself dog quality daughter it.
,,,,,Bakery Main,Beauty,Measure tough explain like item why.
,,,,,Gym Response,Beauty,Question before organization else TV heart.
,,,,,Salon Hand,Food,Chance increase bill hard last.
,,,,,Gym Which,Hospitality,Moment throw field born movement hold.
,,,,,Clothing Store Particular,Hospitality,Entire at measure practice leg.
,,,,,Bakery Wait,Hospitality,Just summer mission road sense cup writer.
,,,,,Gym Direction,Food,Particularly sound top general another.
,,,,,Restaurant Region,Retail,Quality term keep away soon speak set.
,,,,,Florist Above,Hospitality,Today walk up blood eye party.
,,,,,Gym Student,Food,Mouth kitchen Republican store eat clearly impact.
,,,,,Florist Parent,Fitness,Take receive wish about when.
,,,,,Cafe First,Fitness,Rate page college goal.
,,,,,Salon Send,Fitness,Government stage read case pick rest thought past.
,,,,,Restaurant However,Fitness,Realize social third wish who.
,,,,,Gym Maybe,Beauty,Nearly hospital mention century idea draw hear.
,,,,,Clothing Store Program,Fitness,Outside price increase write size design.
,,,,,Florist Middle,Fitness,Else create believe TV state total computer.
,,,,,Florist Care,Retail,Here PM explain process.
,,,,,Clothing Store Star,Hospitality,Ever white history painting.
,,,,,Florist Here,Beauty,National easy miss friend thought agent media unit.
,,,,,Bakery Study,Retail,It young happy foot drive course Democrat.
,,,,,Gym Thing,Hospitality,Media box sister fast study make mission.
,,,,,Gym Culture,Retail,Wide trial find maybe sea star question price.
,,,,,Gym Environment,Beauty,Answer among toward somebody already decision century.
,,,,,Bookstore Stuff,Food,General western population another develop per respond.
,,,,,Clothing Store Final,Fitness,Serious move bad ask stuff evening.
,,,,,Bookstore North,Retail,Support yet series people office type.
,,,,,Gym Threat,Beauty,Bring above rather rather affect pattern game.
,,,,,Gym Education,Fitness,Play next capital of sister clearly shoulder.
,,,,,Restaurant Education,Beauty,Bad rise break spend.
,,,,,Clothing Store Trial,Hospitality,Enter book star budget listen news look.
,,,,,Bakery Its,Retail,Hope produce sense mention create shoulder.
,,,,,Cafe Painting,Fitness,Each industry middle those thing tell true Mr.
,,,,,Bookstore Charge,Retail,Middle usually place government.
,,,,,Clothing Store Cause,Beauty,Material entire any job step do live modern.
,,,,,Salon American,Fitness,Key month study either debate eye.
,,,,,Gym Game,Hospitality,Make able action center performance save.
,,,,,Cafe Challenge,Retail,Enough develop bed through meeting although.
,,,,,Restaurant Boy,Hospitality,Computer reveal already push.
,,,,,Bookstore Company,Food,Artist factor order nothing agreement big beat.
,,,,,Cafe Item,Fitness,Let home wall along.
,,,,,Florist Control,Fitness,Crime southern go enjoy girl effect edge hotel.
,,,,,Salon Situation,Hospitality,Drive task employee war think push especially add.
,,,,,Florist Brother,Fitness,Factor much throw together let.
,,,,,Salon Coach,Hospitality,Dream manage into chance design month.
,,,,,Florist Main,Hospitality,Again join difficult off.
,,,,,Cafe Continue,Fitness,Series final budget push beat executive authority rich.
,,,,,Gym Race,Fitness,Day service popular decide.
,,,,,Bookstore Few,Retail,Again executive compare whose.
,,,,,Gym Market,Hospitality,Politics source have clear right.
,,,,,Bakery Figure,Fitness,Painting yes speak stop country laugh.
,,,,,Bakery Sound,Fitness,Science away interest themselves general thus grow.
,,,,,Restaurant Pretty,Hospitality,Government his serious.
,,,,,Salon Move,Fitness,Throughout mouth store system impact foreign central.
,,,,,Cafe Money,Hospitality,Free structure floor later.
,,,,,Salon Section,Beauty,In behavior within inside discover degree statement.
,,,,,Gym From,Hospitality,Mission south industry else.
,,,,,Bakery White,Hospitality,Figure budget consider far even say.
,,,,,Cafe Interesting,Retail,Since just involve everything human while land.
,,,,,Cafe Majority,Hospitality,Data degree model central several sure finish.
,,,,,Bakery Give,Retail,Sea with receive town.
,,,,,Bakery Seem,Beauty,Then travel along democratic.
,,,,,Bookstore Shoulder,Food,Beat subject put home into.
,,,,,Bookstore Present,Beauty,Add house rule brother help.
,,,,,Bookstore Last,Beauty,Anything learn realize professional star put happy.
,,,,,Clothing Store History,Fitness,Project say fish moment drive president box born.
,,,,,Clothing Store Official,Beauty,Beyond mouth structure employee themselves.
,,,,,Clothing Store Other,Retail,Be million benefit soldier beautiful view.
,,,,,Cafe Shake,Retail,Recently detail their teacher.
,,,,,Cafe Country,Retail,Effect not baby size page fact cold.
,,,,,Cafe Front,Fitness,Thought heavy room girl various ground.
,,,,,Salon Simple,Retail,Only hear radio cold week.
,,,,,Gym Six,Hospitality,Assume whom sometimes way.
,,,,,Salon Actually,Fitness,Wrong moment affect city shake official great.
,,,,,Bookstore She,Beauty,Energy drop management organization modern.
,,,,,Clothing Store Edge,Beauty,Tv boy market wind better sell action.
,,,,,Bakery Force,Food,Determine something price.
,,,,,Salon Financial,Beauty,Claim you international son weight.
,,,,,Cafe Bar,Retail,Have western source these better.
,,,,,Gym Method,Food,Now hospital my full.
,,,,,Cafe Reason,Fitness,Wrong leg everything west wind analysis.
,,,,,Bookstore Democrat,Beauty,Shoulder production democratic either.
,,,,,Restaurant Trouble,Hospitality,Check court central against and particularly.
,,,,,Salon Listen,Fitness,Force certain poor reason to world hospital.
,,,,,Bakery Finish,Food,Job student quickly style event however someone.
,,,,,Florist Point,Retail,Sound project according husband step much contain economic.
,,,,,Bookstore Sense,Beauty,Future write yet such structure use behind.
,,,,,Bookstore Arm,Food,Increase you increase admit road.
,,,,,Cafe However,Retail,Office third outside tend street protect officer.
,,,,,Clothing Store Back,Retail,Get skin seven star generation start little.
,,,,,Salon Police,Beauty,Every own customer animal speak.
,,,,,Florist Night,Food,Machine leg population drug management.
,,,,,Salon Past,Hospitality,Exist bad deal popular.
,,,,,Gym Development,Retail,Stuff really present.
,,,,,Florist With,Beauty,Very Republican realize indeed.
,,,,,Cafe State,Hospitality,Wind travel Congress win.
,,,,,Gym Thing,Retail,Doctor around finish per piece attorney spring dinner.
,,,,,Bakery Water,Beauty,Up receive result trial job.
,,,,,Clothing Store Finish,Hospitality,Moment play citizen.
,,,,,Cafe Fire,Beauty,Camera simply unit term order senior.
,,,,,Restaurant Wide,Fitness,During issue simply professor campaign series.
,,,,,Restaurant Own,Beauty,Treatment top fire.
,,,,,Bakery Actually,Food,Car same need care.
,,,,,Bookstore Respond,Hospitality,Court effort phone food tough indicate federal.
,,,,,Florist Tax,Retail,Network technology as best fast seek rather.
,,,,,Bookstore Gas,Retail,Reduce detail office power.
,,,,,Restaurant Wear,Beauty,Audience source little water yard recognize.
,,,,,Bookstore Husband,Retail,True space which travel source spend detail organization.
,,,,,Salon Early,Beauty,It region write alone.
,,,,,Cafe Must,Hospitality,No perhaps work stop common agree move.
,,,,,Bookstore Tell,Food,Yeah page with environment.
,,,,,Gym Community,Food,Begin others few finish begin where.
,,,,,Florist End,Retail,President beyond author out firm the down.
,,,,,Salon Worry,Hospitality,Group pull including call way arrive.
,,,,,Florist State,Food,Machine apply guy citizen hot.
,,,,,Salon Newspaper,Hospitality,Everybody skill sit.
,,,,,Bookstore Feeling,Hospitality,Do board avoid ground here account see.
,,,,,Salon Through,Hospitality,Father why difficult change response guess rate.
,,,,,Cafe Car,Retail,Whatever wall less garden.
,,,,,Bookstore Yet,Retail,Direction skin cup despite.
,,,,,Bookstore Series,Beauty,Send husband travel get.
,,,,,Florist Trade,Fitness,Huge off beat watch into fast.
,,,,,Clothing Store Develop,Retail,Decision method myself star.
,,,,,Bookstore Medical,Food,Vote more bad support along than.
,,,,,Bakery Exist,Fitness,Discover series phone professional war customer character create.
,,,,,Salon Point,Hospitality,Investment win suddenly.
,,,,,Florist Be,Beauty,Modern girl one listen.
,,,,,Restaurant Main,Beauty,Food project along treat politics long real.
,,,,,Clothing Store Service,Food,Use show nature debate young.
,,,,,Clothing Store Stage,Retail,Test a record whether under focus.
,,,,,Bookstore Human,Retail,Suddenly activity election bill live car.
,,,,,Gym Indeed,Food,Enjoy reach present some skill.
,,,,,Bookstore Little,Beauty,Force possible western follow describe watch black.
,,,,,Cafe Lot,Fitness,Answer floor fish happen south interest respond.
,,,,,Clothing Store Study,Retail,Not send improve difference look drop authority.
,,,,,Salon Your,Food,Down culture language.
,,,,,Restaurant Example,Retail,Certainly civil night social else many responsibility writer.
,,,,,Gym Practice,Beauty,Election economy worry seat friend.
,,,,,Clothing Store Candidate,Hospitality,Half test trip customer summer cell.
,,,,,Clothing Store Including,Beauty,Leader article defense five beat.
,,,,,Bakery Serve,Retail,Her war east tree themselves.
,,,,,Salon Whatever,Fitness,Television north participant lot not.
,,,,,Florist Out,Retail,Director box serve employee memory child.
,,,,,Clothing Store Day,Food,National some shake event pattern certain agency.
,,,,,Bakery Go,Hospitality,Discover grow throw resource animal sing sense memory.
,,,,,Bookstore Social,Retail,Break score would pick animal training.
,,,,,Florist Soldier,Retail,Main glass everything either.
,,,,,Cafe Business,Retail,Become herself last remember newspaper various.
,,,,,Bookstore Next,Beauty,Own police language this hard nice window together.
,,,,,Gym Leg,Retail,Case eat test course.
,,,,,Cafe Foreign,Beauty,Song ask let idea.
,,,,,Cafe Manager,Hospitality,Grow drug role tonight.
,,,,,Clothing Store Alone,Beauty,Teach term admit tax point film member.
,,,,,Bakery Sign,Food,Degree hope everybody cut serve coach.
,,,,,Salon Financial,Retail,Bed somebody try than.
,,,,,Bookstore Quality,Retail,Radio school key manage hair rich ground beautiful.
,,,,,Gym Above,Retail,Start PM again western race partner.
,,,,,Florist Trade,Retail,Party effect sister financial.
,,,,,Salon You,Retail,Meeting for business above.
,,,,,Gym Must,Retail,Cut street available employee yeah.
,,,,,Restaurant End,Hospitality,Them off guy.
,,,,,Bookstore Get,Beauty,Pattern clear compare activity past.
,,,,,Clothing Store Nearly,Retail,Happy strategy reduce new discussion.
,,,,,Bakery Ready,Beauty,Should best thus heavy wrong.
,,,,,Bakery Example,Food,Fly sort fall car under.
,,,,,Bakery Chair,Food,Particularly class someone grow indeed stock bar.
,,,,,Florist Student,Food,Organization ball born I soldier natural stand.
,,,,,Gym Whom,Beauty,He tend how even century.
,,,,,Salon Loss,Hospitality,Stand short conference authority road local.
,,,,,Restaurant Cause,Hospitality,Under sort garden.
,,,,,Florist Receive,Fitness,Less change argue baby long not.
,,,,,Bakery Real,Food,Firm program today.
,,,,,Bookstore Hand,Retail,Newspaper win both.
,,,,,Bakery Door,Food,Authority yes administration just about despite.
,,,,,Florist Claim,Fitness,Worker for prove now husband.
,,,,,Florist Sport,Food,Plan try plant bit his moment.
,,,,,Gym Our,Fitness,Force nice law box official action.
,,,,,Bakery Maintain,Retail,Office interview charge make even suddenly heavy.
,,,,,Bakery Recently,Fitness,Cause remain manager bill rise.
,,,,,Salon Successful,Fitness,Keep technology do project get pay.
,,,,,Clothing Store Board,Hospitality,Fill question notice.
,,,,,Salon Dark,Fitness,View hot particular region worry behind.
,,,,,Cafe Would,Hospitality,Seek space growth buy ready.
,,,,,Salon Pull,Hospitality,Cut partner thousand.
,,,,,Florist Thank,Hospitality,Call table apply wife show these.
,,,,,Clothing Store Wide,Beauty,Century plan ten bring feeling eat prevent either.
,,,,,Clothing Store Let,Beauty,Serve upon cold.
,,,,,Florist Tell,Beauty,Present Congress media majority look draw everyone tax.
,,,,,Cafe Show,Retail,Lot our rich still head.
,,,,,Salon New,Beauty,Allow American for religious true science.
,,,,,Clothing Store Situation,Food,Rise prove economic quite foreign design someone.
,,,,,Bookstore On,Beauty,Themselves third success maybe.
,,,,,Salon Real,Hospitality,You join speech early mean.
,,,,,Gym Medical,Hospitality,Attack act writer learn.
,,,,,Cafe Prove,Retail,Whether manager data need hit.
,,,,,Restaurant Into,Food,Contain whole bring actually only heart.
,,,,,Cafe Cultural,Beauty,Hold plan success people.
,,,,,Gym Travel,Fitness,National fill medical mother serve.
,,,,,Bakery Personal,Beauty,Significant road name shoulder message agreement pretty.
,,,,,Gym Less,Retail,Father season act special focus environmental.
,,,,,Clothing Store Action,Hospitality,Company hard against seat public.
,,,,,Salon Edge,Food,Entire student authority cause sense.
,,,,,Bakery Organization,Retail,Wide American stay eye firm reflect against.
,,,,,Clothing Store Major,Hospitality,Describe ball process strategy more serve certain let.
,,,,,Clothing Store Network,Hospitality,Never chance where hold end number.
,,,,,Clothing Store Reduce,Beauty,Environmental question commercial believe view move perhaps.
,,,,,Florist Medical,Fitness,Find television conference compare tonight listen.
,,,,,Bakery Both,Hospitality,Stand human above include.
,,,,,Gym Help,Food,Wonder them staff nor.
,,,,,Bookstore Ready,Hospitality,Its become particular issue fill.
,,,,,Restaurant Include,Retail,Interest new who source.
,,,,,Salon Dinner,Fitness,Offer teach source catch.
,,,,,Cafe Night,Beauty,Enough successful cup election article resource.
,,,,,Bakery Ok,Fitness,Believe call everybody test my plan someone.
,,,,,Restaurant Suddenly,Retail,Course condition low itself.
,,,,,Bakery Quickly,Retail,Daughter upon force difficult exactly few.
,,,,,Bakery Rest,Retail,Despite improve wish family about be choose.
,,,,,Florist Letter,Retail,Doctor ok physical discover.
,,,,,Bookstore Phone,Retail,Compare simply player cell property.
,,,,,Cafe Sound,Food,Million during stop.
,,,,,Cafe Since,Beauty,Election pull improve yourself memory federal stage hope.
,,,,,Cafe Machine,Food,Debate manager half significant of.
,,,,,Bookstore Enter,Beauty,Shoulder maintain change student six tax.
,,,,,Salon Pattern,Retail,Role push six surface.
,,,,,Restaurant Fly,Beauty,Hotel girl owner reduce number difference team.
,,,,,Clothing Store Mrs,Food,Attack play worker share thousand firm company.
,,,,,Clothing Store Both,Beauty,Hit old red although this process wind.
,,,,,Bakery Perhaps,Food,Court notice someone drop green indicate.
,,,,,Gym Writer,Fitness,Age go audience show.
,,,,,Gym Hear,Hospitality,Student positive community father shoulder affect tax.
,,,,,Gym Leave,Food,Law miss similar movie.
,,,,,Cafe Within,Beauty,Compare on all shake how become.
,,,,,Restaurant Why,Fitness,After produce who positive white deep.
,,,,,Salon Indeed,Fitness,Civil you player minute international open Mr blue.
,,,,,Bakery Contain,Beauty,Community skill wear image begin little.
,,,,,Salon Write,Retail,Thus model home give beyond adult quality.
,,,,,Cafe Benefit,Retail,Vote change material her.
,,,,,Bookstore Thus,Food,Which sell truth they ten.
,,,,,Bookstore It,Beauty,Them southern what Democrat buy operation.
,,,,,Bakery Community,Beauty,Participant because trade however.
,,,,,Salon Author,Food,Raise somebody much apply TV write side loss.
,,,,,Clothing Store While,Beauty,Yet reflect less understand reflect next.
,,,,,Cafe Song,Hospitality,Between eye radio boy nor Mrs floor attack.
,,,,,Cafe New,Fitness,Identify until article Congress.
,,,,,Gym Believe,Hospitality,Than bar including catch traditional.
,,,,,Gym Season,Fitness,Parent glass attack be show success evidence.
,,,,,Cafe Cup,Retail,Structure card culture town.
,,,,,Restaurant Certain,Food,Evidence bed important reveal.
,,,,,Salon Identify,Retail,Continue father one factor audience.
,,,,,Florist Board,Food,Street little challenge raise imagine prevent clear.
,,,,,Bakery Add,Hospitality,Television option real through.
,,,,,Salon Road,Retail,Speech right range join rock.
,,,,,Bakery Contain,Hospitality,Much strong indeed watch.
,,,,,Bakery To,Hospitality,Nice bar become want gas important read attorney.
,,,,,Cafe High,Food,Mr range star both television.
,,,,,Florist Well,Beauty,Surface how end can song entire can.
,,,,,Restaurant Pass,Beauty,Join company image eight.
,,,,,Bookstore Call,Fitness,Hair year election shake under.
,,,,,Cafe Program,Retail,Book away choose.
,,,,,Bookstore Movie,Retail,New cell economic southern experience.
,,,,,Bookstore Girl,Hospitality,Present country cost day quite sense.
,,,,,Salon With,Retail,Of never ago yeah million him language.
,,,,,Salon Poor,Hospitality,Science end say detail onto maybe usually ready.
,,,,,Gym Amount,Hospitality,Site mother before participant among.
,,,,,Clothing Store Scene,Beauty,Hotel white you.
,,,,,Bookstore Spring,Beauty,Create check positive collection western finish mission.
,,,,,Restaurant Risk,Beauty,Go onto value whose sit after.
,,,,,Restaurant Someone,Retail,Town push care foot too interview pass positive.
,,,,,Clothing Store Military,Food,Would meeting expert perform building discuss.
,,,,,Clothing Store Husband,Fitness,Reach family herself well sing media.
,,,,,Bakery Over,Beauty,Conference weight court agreement wait still finish.
,,,,,Florist Student,Retail,Small thus before change good.
,,,,,Gym Yes,Food,Pay today degree speech suddenly reason price.
,,,,,Clothing Store Son,Fitness,Manage his indicate not suffer opportunity.
,,,,,Gym Responsibility,Hospitality,Letter place form.
,,,,,Restaurant Exactly,Food,Not appear according rate.
,,,,,Clothing Store Guy,Fitness,Natural floor ball on full.
,,,,,Clothing Store Control,Food,Least to whether claim event recognize particular leader.
,,,,,Salon World,Beauty,Right every other professor our have.
,,,,,Restaurant Place,Beauty,Best small safe decade buy course decision.
,,,,,Gym Realize,Fitness,Which case relationship.
,,,,,Florist Capital,Food,Into which against meet small international.
,,,,,Gym Decade,Hospitality,Situation section own next itself you.
,,,,,Clothing Store Power,Fitness,Unit day can about owner special everyone.
,,,,,Gym Capital,Fitness,Interest support authority what six.
,,,,,Restaurant Know,Hospitality,Heart single sense current such spend.
,,,,,Florist Pressure,Retail,Discover since physical prepare team edge.
,,,,,Cafe Pick,Beauty,Quickly week threat today ball five sometimes.
,,,,,Clothing Store Top,Retail,Cell whole evidence girl quality music.
,,,,,Gym Mother,Food,Population instead environmental after seven bar ever.
,,,,,Clothing Store True,Fitness,Indeed second thus economic hand along shoulder.
,,,,,Gym Which,Fitness,System player more administration class.
,,,,,Bookstore Draw,Hospitality,Must still whatever degree quality responsibility scene.
